moto,precio
Keller Stratus CG 150 Base V2 Linea 2019,CONTADO: $ 33.990
Motomel Skua 150 V6 linea 2019,CONTADO: $ 47.290
Zanella Styler 150 Exclusive Z3 linea 2017,PROMO: $ 50.690
Hero Hunk 150 i3s,CONTADO: $ 54.490
Gilera Smash 110 Base linea 2019,PROMO: $ 28.800
Zanella Due 110 base linea 2016,PROMO: $ 24.990
Motomel Blitz 110 V8 R/D V8 linea 2019,PROMO: $ 26.990
Motomel Skua 150 Silver Edition,PROMO: $ 52.990
Gilera Smash 110 Full linea 2019,PROMO: $ 32.290
Keller Crono Classic 110 Base 2019,PROMO: $ 22.990
Motomel Blitz 110 V8 Automatica linea 2019,PROMO: $ 27.490
Motomel Strato Alpino 150 linea 2019,PROMO: $ 53.690
Keller Crono Classic 110 Plus 2019,PROMO: $ 22.990
Bajaj Rouser 200 NS,PROMO: $ 102.590
Zanella ZR 200 OHC 2019,CONTADO: $ 52.990
Motomel Blitz 110 V8 Base linea 2019,CONTADO: $ 26.990
Motomel Blitz 110 v8 Tunning linea 2019,PROMO: $ 33.490
Zanella ZR 150 LT Tambor 2019,PROMO: $ 50.990
Gilera Smash 125 X linea 2019,PROMO: $ 34.390
Motomel Skua 200 Enduro V6 linea 2019,CONTADO: $ 50.990
Hero Hunk 200 R ABS,CONTADO: $ 74.990
Motomel Skua 125 Xtreme linea 2019,PROMO: $ 38.990
Keller Stratus CG 150 Base V2 2019- PROMO JUNIO,PROMO: $ 29.990
Hero Dash 110 VX,PROMO: $ 46.990
Bajaj Rouser 160 NS,PROMO: $ 79.990
Beta Tempo 150 Deluxe Parabrisas y Baul linea 2019,PROMO: $ 64.990
Keller Crono Classic 110 Full 2019,CONTADO: $ 27.990
Motomel blitz 110 v8 base PROMO JUNIO,PROMO: $ 24.990
Zanella ZR 150 Enduro New 2019,CONTADO: $ 57.990
Zanella ZB 110 Z1 Base 2019,CONTADO: $ 37.990
Hero Ignitor 125 i3s,PROMO: $ 45.490
Motomel CG 150 S3 base linea 2017,PROMO: $ 33.990
Mondial TD 150 L linea 2019,CONTADO: $ 49.490
Gilera Smash 110 Automatica linea 2019,CONTADO: $ 34.390
Motomel Sirius 150 linea 2019,PROMO: $ 53.890
Gilera Smash 110 R Tunning full linea 2019,CONTADO: $ 37.800
Keller Miracle 150 Evo 2019,CONTADO: $ 41.290
Hero Hunk 150 i3s Negro Mate,PROMO: $ 55.490
Motomel skua 150 v6 - PROMO JUNIO,PROMO: $ 44.590
Motomel CG 150 S2 base linea 2019,PROMO: $ 35.990
Bajaj Rouser 135,PROMO: $ 66.990
Motomel Skua 200 Enduro V6 PROMO JUNIO,CONTADO: $ 48.990
Kymco Agility 125,PROMO: $ 63.490
Bajaj Rouser 200 NS Fi ,PROMO: $ 134.790
Sym Symphony 125 linea 2018,CONTADO: $ 69.990
Motomel Strato Euro 150cc tipo Vespa,CONTADO: $ 48.990
Corven Triax 250 R3 2019,CONTADO: $ 69.990
Honda XR 150 l linea 2019,PROMO: $ 91.190
Honda CG 150 new Titan linea 2019,PROMO: $ 78.490
Zanella ZB 110 Z1 Full 2019,CONTADO: $ 39.990
Motomel Sirius 250 linea 2019,CONTADO: $ 61.990
Mondial RD 150 H STD Base 2019,CONTADO: $ 41.990
Corven Energy 110 R2 base 2019,CONTADO: $ 27.990
Hero Hunk 150 i3s PROMO JUNIO,PROMO: $ 52.990
Sym Crox 125 ,CONTADO: $ 58.990
Sym Fiddle II 150 S Promo Fab. 2017,PROMO: $ 57.690
Hero Hunk 200 R ABS PROMO JUNIO,PROMO: $ 71.990
Motomel Skua 150 silver 2019 - OUTLET,PROMO: $ 50.990
Corven Mirage 110 r2 base 2019,CONTADO: $ 27.490
Zanella Rx 150 G3 Base 2019,CONTADO: $ 41.990
Yamaha FZ 150 1.6 Fi linea 2019,PROMO: $ 93.890
Gilera Smash 110 Tunning Rayo/Disco linea 2019,CONTADO: $ 37.990
Sym Fiddle ll 150 S,CONTADO: $ 70.990
"Beta boy 100 usada 2018, 6500 km int: 21673",CONTADO: $ 31.590
Corven Triax 150 New 2019,CONTADO: $ 50.290
Gilera VC 200 Cafe Racer 2018,CONTADO: $ 65.900
"Zanella Styler 150 Z3 Usada 2016, con 20000 km",CONTADO: $ 35.000
Kymco Like 125,PROMO: $ 94.990
Kymco Like 200 i,PROMO: $ 110.690
"Zanella STYLER 150 RT USADA 2018 CON 3000KM, INT 21721",CONTADO: $ 49.990
Gilera VC 200 Scrambler 2018,CONTADO: $ 65.900
Motomel CG 150 S3 Base linea 2016,CONTADO: $ 29.590
Keller Stratus CG 150 Base Linea 2019 OUTLET,CONTADO: $ 27.490
Kymco Agility City 200 i 16+,PROMO: $ 127.490
Zanella ZR 200 OHC PROMO JUNIO,PROMO: $ 49.990
Motomel Sirius 200 Promo Fab 2015,CONTADO: $ 43.990
Motomel Strato Alpino 150 Promo Fab. 2018 ,PROMO: $ 49.990
Corven Hunter 150 base linea 2019,CONTADO: $ 37.290
Keeway Target 125 promo fab 2017,PROMO: $ 32.990
Mondial RD 150 H base 2019 MOTO CREDITO,CONTADO: $ 41.990
Corven Energy 110 tunning Usada 2014 con 12500 km Int 21722,CONTADO: $ 20.290
