moto,precio
Keller Crono Classic 110 Base 2019,PROMO: $ 24.590
Keller Stratus CG 150 Base V2 Linea 2019,CONTADO: $ 30.990
Keller Miracle 150 Evo 2019,PROMO: $ 41.290
Gilera Smash 110 Base linea 2019,PROMO: $ 27.990
Motomel Skua 150 V6 linea 2019,CONTADO: $ 45.690
Motomel Blitz 110 V8 R/D V8 linea 2019,CONTADO: $ 26.590
Gilera Smash 110 Full linea 2019,PROMO: $ 31.690
Zanella Due 110 base linea 2016,PROMO: $ 26.490
Zanella Styler 150 Exclusive Z3 linea 2017,PROMO: $ 51.990
Motomel Blitz 110 V8 Automatica linea 2019,PROMO: $ 26.590
Hero Hunk 150 i3s,PROMO: $ 57.590
Motomel Blitz 110 V8 Base linea 2019,PROMO: $ 26.990
Motomel Strato Alpino 150 linea 2019,PROMO: $ 53.690
Motomel Blitz 110 v8 Tunning linea 2019,CONTADO: $ 31.590
Zanella ZR 150 LT Tambor 2019,PROMO: $ 46.990
Motomel Skua 200 Enduro V6 linea 2019,CONTADO: $ 50.990
Bajaj Rouser 200 NS,PROMO: $ 98.990
Gilera Smash 125 X linea 2019,CONTADO: $ 34.390
Motomel Skua 150 Silver Edition,PROMO: $ 56.990
Zanella ZR 150 Enduro New 2019,PROMO: $ 55.990
Motomel CG 150 S3 base linea 2017,CONTADO: $ 31.990
Zanella ZB 110 Z1 Base 2019,PROMO: $ 30.990
Kymco Agility 125,PROMO: $ 61.950
Keller Miracle 200 Evo 2019,CONTADO: $ 48.990
Keller Miracle 150 Evo 2019 PROMO JULIO,PROMO: $ 39.990
Mondial TD 150 L linea 2019,CONTADO: $ 48.590
Bajaj Rouser 160 NS,CONTADO: $ 82.590
Beta Tempo 150 Deluxe Parabrisas y Baul linea 2019,PROMO: $ 64.890
Motomel Skua 125 Xtreme linea 2019,PROMO: $ 40.990
Keller Stratus CG 150 Base V2 2019- PROMO JULIO,PROMO: $ 29.990
Gilera Smash 110 Automatica linea 2019,CONTADO: $ 33.390
Kymco Like 125,PROMO: $ 88.990
Hero Dash 110 VX,PROMO: $ 46.990
Hero Hunk 200 R ABS,PROMO: $ 80.990
Sym Symphony 125 linea 2018,PROMO: $ 69.990
Motomel Strato Euro 150cc tipo Vespa,PROMO: $ 48.990
Bajaj Rouser 135,CONTADO: $ 70.190
Motomel Sirius 150 linea 2019,PROMO: $ 52.990
Mondial RD 150 H STD Base 2019,CONTADO: $ 32.990
Bajaj Rouser 200 NS Fi ,PROMO: $ 134.590
Keeway Target 125 promo fab 2017,PROMO: $ 32.990
Motomel CG 150 S2 base linea 2019,PROMO: $ 36.990
Zanella ZR 200 OHC 2019,PROMO: $ 58.990
Zanella Rx 150 G3 Base 2019,PROMO: $ 40.790
Corven Triax 150 New 2019,CONTADO: $ 50.290
Zanella ZB 110 Z1 Full 2019,PROMO: $ 36.990
Motomel Sirius 250 linea 2019,PROMO: $ 61.990
"Zanella STYLER 150 RT USADA 2018 CON 3000KM, INT 21721",CONTADO: $ 48.590
Gilera VC 200 Scrambler 2018,CONTADO: $ 59.990
Gilera Smash 110 R Tunning full linea 2019,CONTADO: $ 37.990
Motomel CG 150 S2 R/D linea 2017,CONTADO: $ 32.990
Hero Hunk 150 i3s Negro Mate,CONTADO: $ 59.990
Kymco Agility City 200 i 16+,CONTADO: $ 135.990
"Zanella Ceccato 150 R USADA con km 8000, 2018 INT 21951",CONTADO: $ 43.990
Motomel Strato Alpino 150 Promo Fab. 2018 ,CONTADO: $ 47.990
Corven Hunter 150 base linea 2019,CONTADO: $ 40.290
Kymco Like 200 i OUTLET int: 21281,PROMO: $ 105.990
Kymco Like 125 OUTLET INT: 21278,CONTADO: $ 87.990
Zanella Styler 150 Prima USADA 2018 con 1502 km INT: 21956,CONTADO: $ 43.990
"Zanella STYLER 150 z3 EXCLUSIVE USADA 2018, CON 2600 KM, INT: 21960",CONTADO: $ 42.990
"Keller KELLER MIRACLE 200 USADA 2018 CON 4500KM, INT 21979",CONTADO: $ 43.990
